id,position,type,status,price,room_id
1,A1,VIP,Trống,198200.0,1
2,A2,VIP,Trống,183600.0,1
3,A3,VIP,Trống,246600.0,1
4,A4,VIP,Trống,261400.0,1
5,A5,VIP,Trống,184800.0,1
6,A6,VIP,Trống,227600.0,1
7,A7,VIP,Trống,180000.0,1
8,A8,VIP,Trống,227800.0,1
9,A9,VIP,Trống,259900.0,1
10,A10,VIP,Trống,181100.0,1
11,A11,VIP,Đã đặt,197500.0,1
12,A12,VIP,Trống,213100.0,1
13,A13,VIP,Trống,241500.0,1
14,A14,VIP,Trống,177000.0,1
15,A15,VIP,Trống,179500.0,1
16,B1,VIP,Trống,250300.0,1
17,B2,VIP,Trống,190200.0,1
18,B3,VIP,Trống,264400.0,1
19,B4,VIP,Trống,193900.0,1
20,B5,VIP,Trống,186900.0,1
21,B6,VIP,Trống,255500.0,1
22,B7,VIP,Trống,190800.0,1
23,B8,VIP,Trống,208600.0,1
24,B9,VIP,Trống,259100.0,1
25,B10,VIP,Trống,225900.0,1
26,B11,VIP,Trống,253900.0,1
27,B12,VIP,Trống,256800.0,1
28,B13,VIP,Trống,258300.0,1
29,B14,VIP,Trống,256800.0,1
30,B15,VIP,Trống,170100.0,1
31,C1,Thường,Trống,129000.0,1
32,C2,Thường,Trống,79700.0,1
33,C3,Thường,Trống,113900.0,1
34,C4,Thường,Trống,96700.0,1
35,C5,Thường,Trống,97800.0,1
36,C6,Thường,Trống,81200.0,1
37,C7,Thường,Trống,99600.0,1
38,C8,Thường,Trống,106100.0,1
39,C9,Thường,Trống,114200.0,1
40,C10,Thường,Trống,118700.0,1
41,C11,Thường,Trống,99900.0,1
42,C12,Thường,Trống,123400.0,1
43,C13,Thường,Trống,91500.0,1
44,C14,Thường,Trống,108800.0,1
45,C15,Thường,Trống,88100.0,1
46,D1,Thường,Trống,121100.0,1
47,D2,Thường,Trống,84700.0,1
48,D3,Thường,Trống,126700.0,1
49,D4,Thường,Trống,78600.0,1
50,D5,Thường,Trống,127000.0,1
51,D6,Thường,Trống,90400.0,1
52,D7,Thường,Trống,95200.0,1
53,D8,Thường,Trống,79200.0,1
54,D9,Thường,Trống,98000.0,1
55,D10,Thường,Trống,88800.0,1
56,D11,Thường,Trống,107700.0,1
57,D12,Thường,Trống,100800.0,1
58,D13,Thường,Trống,130500.0,1
59,D14,Thường,Trống,80400.0,1
60,D15,Thường,Trống,89900.0,1
61,E1,Thường,Trống,126100.0,1
62,E2,Thường,Trống,81000.0,1
63,E3,Thường,Trống,79400.0,1
64,E4,Thường,Trống,93000.0,1
65,E5,Thường,Trống,111900.0,1
66,E6,Thường,Trống,93100.0,1
67,E7,Thường,Trống,92600.0,1
68,E8,Thường,Trống,115800.0,1
69,E9,Thường,Trống,87200.0,1
70,E10,Thường,Trống,123200.0,1
71,E11,Thường,Trống,103500.0,1
72,E12,Thường,Bảo trì,110500.0,1
73,E13,Thường,Trống,111300.0,1
74,E14,Thường,Trống,85100.0,1
75,E15,Thường,Trống,81100.0,1
76,F1,Thường,Đã đặt,121400.0,1
77,F2,Thường,Trống,129300.0,1
78,F3,Thường,Đã đặt,82700.0,1
79,F4,Thường,Trống,126000.0,1
80,F5,Thường,Trống,107600.0,1
81,F6,Thường,Trống,80800.0,1
82,F7,Thường,Trống,117800.0,1
83,F8,Thường,Trống,94800.0,1
84,F9,Thường,Trống,117600.0,1
85,F10,Thường,Trống,91500.0,1
86,F11,Thường,Trống,113300.0,1
87,F12,Thường,Trống,83700.0,1
88,F13,Thường,Trống,84600.0,1
89,F14,Thường,Trống,92000.0,1
90,F15,Thường,Trống,120800.0,1
91,G1,Thường,Trống,117000.0,1
92,G2,Thường,Trống,84100.0,1
93,G3,Thường,Trống,99800.0,1
94,G4,Thường,Trống,116300.0,1
95,G5,Thường,Trống,95500.0,1
96,G6,Thường,Trống,99700.0,1
97,G7,Thường,Trống,120900.0,1
98,G8,Thường,Trống,121100.0,1
99,G9,Thường,Trống,87700.0,1
100,G10,Thường,Trống,122900.0,1
101,G11,Thường,Trống,125100.0,1
102,G12,Thường,Trống,116400.0,1
103,G13,Thường,Trống,117400.0,1
104,G14,Thường,Trống,128600.0,1
105,G15,Thường,Trống,114900.0,1
106,A1,VIP,Trống,194800.0,2
107,A2,VIP,Bảo trì,182700.0,2
108,A3,VIP,Trống,245100.0,2
109,A4,VIP,Trống,258800.0,2
110,A5,VIP,Trống,237500.0,2
111,A6,VIP,Trống,239300.0,2
112,A7,VIP,Trống,205100.0,2
113,A8,VIP,Trống,198800.0,2
114,A9,VIP,Trống,218500.0,2
115,A10,VIP,Trống,192900.0,2
116,A11,VIP,Trống,233500.0,2
117,A12,VIP,Trống,226700.0,2
118,B1,VIP,Trống,232300.0,2
119,B2,VIP,Trống,234700.0,2
120,B3,VIP,Trống,168200.0,2
121,B4,VIP,Trống,254700.0,2
122,B5,VIP,Trống,259700.0,2
123,B6,VIP,Bảo trì,234100.0,2
124,B7,VIP,Trống,183600.0,2
125,B8,VIP,Trống,206400.0,2
126,B9,VIP,Trống,261400.0,2
127,B10,VIP,Trống,223900.0,2
128,B11,VIP,Trống,229400.0,2
129,B12,VIP,Trống,195600.0,2
130,C1,Thường,Trống,128200.0,2
131,C2,Thường,Trống,119100.0,2
132,C3,Thường,Trống,121900.0,2
133,C4,Thường,Trống,93200.0,2
134,C5,Thường,Trống,123300.0,2
135,C6,Thường,Trống,83000.0,2
136,C7,Thường,Trống,120000.0,2
137,C8,Thường,Trống,115400.0,2
138,C9,Thường,Trống,101700.0,2
139,C10,Thường,Trống,112700.0,2
140,C11,Thường,Bảo trì,107800.0,2
141,C12,Thường,Trống,118000.0,2
142,D1,Thường,Trống,123300.0,2
143,D2,Thường,Trống,122000.0,2
144,D3,Thường,Trống,116500.0,2
145,D4,Thường,Trống,102200.0,2
146,D5,Thường,Trống,126100.0,2
147,D6,Thường,Trống,92500.0,2
148,D7,Thường,Trống,105200.0,2
149,D8,Thường,Trống,123700.0,2
150,D9,Thường,Trống,124500.0,2
151,D10,Thường,Trống,125900.0,2
152,D11,Thường,Trống,95900.0,2
153,D12,Thường,Trống,123300.0,2
154,E1,Thường,Trống,126500.0,2
155,E2,Thường,Trống,115300.0,2
156,E3,Thường,Trống,82700.0,2
157,E4,Thường,Trống,121000.0,2
158,E5,Thường,Trống,116500.0,2
159,E6,Thường,Trống,99700.0,2
160,E7,Thường,Trống,79100.0,2
161,E8,Thường,Trống,114900.0,2
162,E9,Thường,Đã đặt,129200.0,2
163,E10,Thường,Trống,99300.0,2
164,E11,Thường,Trống,82800.0,2
165,E12,Thường,Trống,98500.0,2
166,F1,Thường,Trống,125500.0,2
167,F2,Thường,Trống,79700.0,2
168,F3,Thường,Trống,111400.0,2
169,F4,Thường,Trống,86100.0,2
170,F5,Thường,Trống,105200.0,2
171,F6,Thường,Trống,124500.0,2
172,F7,Thường,Trống,85400.0,2
173,F8,Thường,Trống,127900.0,2
174,F9,Thường,Trống,127900.0,2
175,F10,Thường,Trống,102100.0,2
176,F11,Thường,Trống,106400.0,2
177,F12,Thường,Trống,126400.0,2
178,G1,Thường,Trống,99000.0,2
179,G2,Thường,Trống,113300.0,2
180,G3,Thường,Trống,77200.0,2
181,G4,Thường,Trống,96800.0,2
182,G5,Thường,Trống,82600.0,2
183,G6,Thường,Trống,99000.0,2
184,G7,Thường,Trống,112400.0,2
185,G8,Thường,Trống,77100.0,2
186,G9,Thường,Trống,124100.0,2
187,G10,Thường,Trống,105100.0,2
188,G11,Thường,Trống,83900.0,2
189,G12,Thường,Trống,120000.0,2
190,H1,Thường,Trống,90200.0,2
191,H2,Thường,Trống,120700.0,2
192,H3,Thường,Trống,108600.0,2
193,H4,Thường,Trống,113800.0,2
194,H5,Thường,Đã đặt,94400.0,2
195,H6,Thường,Trống,107800.0,2
196,H7,Thường,Trống,121300.0,2
197,H8,Thường,Trống,100900.0,2
198,H9,Thường,Đã đặt,81500.0,2
199,H10,Thường,Trống,108400.0,2
200,H11,Thường,Bảo trì,129800.0,2
201,H12,Thường,Trống,126000.0,2
202,I1,Thường,Trống,119400.0,2
203,I2,Thường,Đã đặt,96100.0,2
204,I3,Thường,Trống,93500.0,2
205,I4,Thường,Trống,87400.0,2
206,I5,Thường,Trống,114000.0,2
207,I6,Thường,Trống,79200.0,2
208,I7,Thường,Trống,103300.0,2
209,I8,Thường,Trống,88100.0,2
210,I9,Thường,Trống,83700.0,2
211,I10,Thường,Trống,121500.0,2
212,I11,Thường,Trống,123200.0,2
213,I12,Thường,Trống,102900.0,2
214,J1,Thường,Trống,88100.0,2
215,J2,Thường,Trống,78900.0,2
216,J3,Thường,Trống,121700.0,2
217,J4,Thường,Trống,111100.0,2
218,J5,Thường,Trống,125900.0,2
219,J6,Thường,Trống,119800.0,2
220,J7,Thường,Trống,119900.0,2
221,J8,Thường,Trống,126700.0,2
222,J9,Thường,Trống,124300.0,2
223,J10,Thường,Trống,107000.0,2
224,J11,Thường,Trống,79700.0,2
225,J12,Thường,Trống,122800.0,2
226,A1,VIP,Trống,260200.0,3
227,A2,VIP,Trống,284300.0,3
228,A3,VIP,Trống,369600.0,3
229,A4,VIP,Trống,315400.0,3
230,A5,VIP,Trống,232400.0,3
231,A6,VIP,Trống,323900.0,3
232,A7,VIP,Trống,362300.0,3
233,A8,VIP,Trống,262100.0,3
234,A9,VIP,Trống,248900.0,3
235,A10,VIP,Trống,309500.0,3
236,A11,VIP,Trống,326500.0,3
237,A12,VIP,Trống,370300.0,3
238,A13,VIP,Đã đặt,277500.0,3
239,A14,VIP,Trống,283600.0,3
240,B1,VIP,Trống,282200.0,3
241,B2,VIP,Trống,369900.0,3
242,B3,VIP,Trống,284100.0,3
243,B4,VIP,Trống,319300.0,3
244,B5,VIP,Trống,265400.0,3
245,B6,VIP,Trống,339400.0,3
246,B7,VIP,Trống,350600.0,3
247,B8,VIP,Trống,366000.0,3
248,B9,VIP,Trống,347500.0,3
249,B10,VIP,Trống,290300.0,3
250,B11,VIP,Trống,364800.0,3
251,B12,VIP,Trống,259900.0,3
252,B13,VIP,Trống,324500.0,3
253,B14,VIP,Trống,254000.0,3
254,C1,Thường,Trống,113400.0,3
255,C2,Thường,Trống,140200.0,3
256,C3,Thường,Trống,171700.0,3
257,C4,Thường,Trống,110300.0,3
258,C5,Thường,Trống,129600.0,3
259,C6,Thường,Trống,129100.0,3
260,C7,Thường,Trống,146000.0,3
261,C8,Thường,Trống,137900.0,3
262,C9,Thường,Trống,111400.0,3
263,C10,Thường,Trống,126900.0,3
264,C11,Thường,Trống,146500.0,3
265,C12,Thường,Trống,127600.0,3
266,C13,Thường,Trống,137200.0,3
267,C14,Thường,Trống,171600.0,3
268,D1,Thường,Trống,168200.0,3
269,D2,Thường,Trống,134000.0,3
270,D3,Thường,Trống,172400.0,3
271,D4,Thường,Trống,153900.0,3
272,D5,Thường,Bảo trì,169400.0,3
273,D6,Thường,Trống,129500.0,3
274,D7,Thường,Trống,113400.0,3
275,D8,Thường,Trống,151300.0,3
276,D9,Thường,Trống,129200.0,3
277,D10,Thường,Trống,154400.0,3
278,D11,Thường,Trống,176200.0,3
279,D12,Thường,Trống,112700.0,3
280,D13,Thường,Bảo trì,172400.0,3
281,D14,Thường,Trống,130500.0,3
282,E1,Thường,Trống,114600.0,3
283,E2,Thường,Trống,108800.0,3
284,E3,Thường,Đã đặt,114100.0,3
285,E4,Thường,Trống,136400.0,3
286,E5,Thường,Trống,179100.0,3
287,E6,Thường,Trống,113600.0,3
288,E7,Thường,Trống,111800.0,3
289,E8,Thường,Trống,166800.0,3
290,E9,Thường,Đã đặt,146200.0,3
291,E10,Thường,Trống,146700.0,3
292,E11,Thường,Trống,135100.0,3
293,E12,Thường,Trống,133700.0,3
294,E13,Thường,Trống,146000.0,3
295,E14,Thường,Trống,170000.0,3
296,F1,Thường,Trống,169400.0,3
297,F2,Thường,Trống,146000.0,3
298,F3,Thường,Trống,120200.0,3
299,F4,Thường,Trống,128300.0,3
300,F5,Thường,Trống,117100.0,3
301,F6,Thường,Trống,122300.0,3
302,F7,Thường,Trống,127300.0,3
303,F8,Thường,Trống,139000.0,3
304,F9,Thường,Đã đặt,168400.0,3
305,F10,Thường,Trống,157400.0,3
306,F11,Thường,Trống,168700.0,3
307,F12,Thường,Trống,173000.0,3
308,F13,Thường,Trống,140700.0,3
309,F14,Thường,Trống,171600.0,3
310,A1,VIP,Trống,275500.0,4
311,A2,VIP,Trống,246300.0,4
312,A3,VIP,Trống,234600.0,4
313,A4,VIP,Trống,204800.0,4
314,A5,VIP,Trống,220200.0,4
315,A6,VIP,Trống,229200.0,4
316,A7,VIP,Trống,226800.0,4
317,A8,VIP,Bảo trì,235600.0,4
318,A9,VIP,Trống,273600.0,4
319,A10,VIP,Trống,236400.0,4
320,A11,VIP,Trống,216400.0,4
321,A12,VIP,Trống,212600.0,4
322,A13,VIP,Trống,201600.0,4
323,A14,VIP,Trống,204700.0,4
324,B1,VIP,Trống,200400.0,4
325,B2,VIP,Trống,250000.0,4
326,B3,VIP,Trống,252700.0,4
327,B4,VIP,Trống,259400.0,4
328,B5,VIP,Trống,279500.0,4
329,B6,VIP,Trống,202400.0,4
330,B7,VIP,Trống,196300.0,4
331,B8,VIP,Trống,183000.0,4
332,B9,VIP,Trống,299300.0,4
333,B10,VIP,Trống,241500.0,4
334,B11,VIP,Trống,228400.0,4
335,B12,VIP,Trống,238700.0,4
336,B13,VIP,Trống,255200.0,4
337,B14,VIP,Trống,299000.0,4
338,C1,Thường,Trống,97800.0,4
339,C2,Thường,Trống,134100.0,4
340,C3,Thường,Trống,129000.0,4
341,C4,Thường,Trống,141800.0,4
342,C5,Thường,Trống,127200.0,4
343,C6,Thường,Trống,84400.0,4
344,C7,Thường,Trống,124000.0,4
345,C8,Thường,Trống,141500.0,4
346,C9,Thường,Bảo trì,118500.0,4
347,C10,Thường,Trống,116000.0,4
348,C11,Thường,Trống,142600.0,4
349,C12,Thường,Trống,110100.0,4
350,C13,Thường,Trống,141200.0,4
351,C14,Thường,Trống,116000.0,4
352,D1,Thường,Trống,106100.0,4
353,D2,Thường,Trống,134200.0,4
354,D3,Thường,Trống,108400.0,4
355,D4,Thường,Trống,120400.0,4
356,D5,Thường,Trống,88600.0,4
357,D6,Thường,Trống,117100.0,4
358,D7,Thường,Trống,133600.0,4
359,D8,Thường,Trống,141900.0,4
360,D9,Thường,Trống,129300.0,4
361,D10,Thường,Trống,129100.0,4
362,D11,Thường,Trống,142100.0,4
363,D12,Thường,Trống,136300.0,4
364,D13,Thường,Trống,114600.0,4
365,D14,Thường,Trống,114000.0,4
366,E1,Thường,Trống,143100.0,4
367,E2,Thường,Trống,140600.0,4
368,E3,Thường,Trống,122700.0,4
369,E4,Thường,Trống,124200.0,4
370,E5,Thường,Trống,89300.0,4
371,E6,Thường,Trống,107900.0,4
372,E7,Thường,Trống,127800.0,4
373,E8,Thường,Trống,100800.0,4
374,E9,Thường,Trống,135300.0,4
375,E10,Thường,Trống,114000.0,4
376,E11,Thường,Bảo trì,90900.0,4
377,E12,Thường,Trống,128700.0,4
378,E13,Thường,Trống,141400.0,4
379,E14,Thường,Trống,99300.0,4
380,F1,Thường,Trống,125300.0,4
381,F2,Thường,Trống,129400.0,4
382,F3,Thường,Đã đặt,95400.0,4
383,F4,Thường,Trống,115600.0,4
384,F5,Thường,Trống,85300.0,4
385,F6,Thường,Trống,89100.0,4
386,F7,Thường,Trống,141700.0,4
387,F8,Thường,Trống,113300.0,4
388,F9,Thường,Trống,121800.0,4
389,F10,Thường,Trống,135200.0,4
390,F11,Thường,Trống,124000.0,4
391,F12,Thường,Trống,120200.0,4
392,F13,Thường,Trống,141000.0,4
393,F14,Thường,Đã đặt,94600.0,4
394,G1,Thường,Trống,140500.0,4
395,G2,Thường,Trống,101100.0,4
396,G3,Thường,Trống,124700.0,4
397,G4,Thường,Trống,95600.0,4
398,G5,Thường,Trống,109300.0,4
399,G6,Thường,Trống,117900.0,4
400,G7,Thường,Trống,126500.0,4
401,G8,Thường,Đã đặt,117100.0,4
402,G9,Thường,Trống,124200.0,4
403,G10,Thường,Đã đặt,95300.0,4
404,G11,Thường,Trống,111400.0,4
405,G12,Thường,Trống,106400.0,4
406,G13,Thường,Trống,84900.0,4
407,G14,Thường,Trống,121000.0,4
408,A1,VIP,Trống,272900.0,5
409,A2,VIP,Trống,225400.0,5
410,A3,VIP,Bảo trì,260300.0,5
411,A4,VIP,Trống,238100.0,5
412,A5,VIP,Trống,292600.0,5
413,A6,VIP,Trống,369400.0,5
414,A7,VIP,Trống,315100.0,5
415,A8,VIP,Trống,348200.0,5
416,A9,VIP,Trống,323800.0,5
417,A10,VIP,Trống,279400.0,5
418,A11,VIP,Trống,231500.0,5
419,A12,VIP,Trống,238800.0,5
420,B1,VIP,Trống,225500.0,5
421,B2,VIP,Trống,270200.0,5
422,B3,VIP,Trống,355300.0,5
423,B4,VIP,Trống,315000.0,5
424,B5,VIP,Trống,250200.0,5
425,B6,VIP,Trống,361300.0,5
426,B7,VIP,Trống,299400.0,5
427,B8,VIP,Trống,337800.0,5
428,B9,VIP,Trống,262400.0,5
429,B10,VIP,Trống,244600.0,5
430,B11,VIP,Trống,230400.0,5
431,B12,VIP,Trống,239200.0,5
432,C1,Thường,Trống,129300.0,5
433,C2,Thường,Đã đặt,169600.0,5
434,C3,Thường,Đã đặt,168800.0,5
435,C4,Thường,Trống,156700.0,5
436,C5,Thường,Trống,155000.0,5
437,C6,Thường,Trống,159600.0,5
438,C7,Thường,Trống,135100.0,5
439,C8,Thường,Bảo trì,158500.0,5
440,C9,Thường,Trống,166100.0,5
441,C10,Thường,Trống,179300.0,5
442,C11,Thường,Trống,129900.0,5
443,C12,Thường,Trống,110900.0,5
444,D1,Thường,Trống,140200.0,5
445,D2,Thường,Trống,125400.0,5
446,D3,Thường,Trống,122600.0,5
447,D4,Thường,Trống,125500.0,5
448,D5,Thường,Trống,120900.0,5
449,D6,Thường,Trống,159000.0,5
450,D7,Thường,Trống,116100.0,5
451,D8,Thường,Trống,171700.0,5
452,D9,Thường,Trống,135600.0,5
453,D10,Thường,Trống,111500.0,5
454,D11,Thường,Trống,167500.0,5
455,D12,Thường,Trống,170200.0,5
456,E1,Thường,Trống,115400.0,5
457,E2,Thường,Trống,176800.0,5
458,E3,Thường,Trống,111600.0,5
459,E4,Thường,Đã đặt,162900.0,5
460,E5,Thường,Trống,119500.0,5
461,E6,Thường,Trống,122300.0,5
462,E7,Thường,Trống,141000.0,5
463,E8,Thường,Trống,107200.0,5
464,E9,Thường,Trống,111400.0,5
465,E10,Thường,Trống,143700.0,5
466,E11,Thường,Trống,124200.0,5
467,E12,Thường,Trống,156200.0,5
468,F1,Thường,Trống,167900.0,5
469,F2,Thường,Trống,108200.0,5
470,F3,Thường,Trống,107700.0,5
471,F4,Thường,Trống,151600.0,5
472,F5,Thường,Trống,158600.0,5
473,F6,Thường,Đã đặt,178300.0,5
474,F7,Thường,Trống,177600.0,5
475,F8,Thường,Trống,148100.0,5
476,F9,Thường,Trống,155400.0,5
477,F10,Thường,Trống,176200.0,5
478,F11,Thường,Trống,147200.0,5
479,F12,Thường,Trống,108700.0,5
480,G1,Thường,Trống,175000.0,5
481,G2,Thường,Trống,111800.0,5
482,G3,Thường,Trống,150600.0,5
483,G4,Thường,Trống,109500.0,5
484,G5,Thường,Trống,146500.0,5
485,G6,Thường,Trống,164700.0,5
486,G7,Thường,Trống,139100.0,5
487,G8,Thường,Trống,175000.0,5
488,G9,Thường,Trống,157200.0,5
489,G10,Thường,Trống,107200.0,5
490,G11,Thường,Trống,133500.0,5
491,G12,Thường,Trống,142700.0,5
492,H1,Thường,Trống,150300.0,5
493,H2,Thường,Trống,115600.0,5
494,H3,Thường,Trống,129000.0,5
495,H4,Thường,Trống,105400.0,5
496,H5,Thường,Trống,146000.0,5
497,H6,Thường,Trống,106000.0,5
498,H7,Thường,Trống,168000.0,5
499,H8,Thường,Trống,164700.0,5
500,H9,Thường,Trống,143000.0,5
501,H10,Thường,Trống,144800.0,5
502,H11,Thường,Trống,149200.0,5
503,H12,Thường,Trống,167400.0,5
504,A1,VIP,Trống,215300.0,6
505,A2,VIP,Trống,195900.0,6
506,A3,VIP,Trống,272700.0,6
507,A4,VIP,Trống,170600.0,6
508,A5,VIP,Trống,223900.0,6
509,A6,VIP,Đã đặt,174900.0,6
510,A7,VIP,Trống,210400.0,6
511,A8,VIP,Trống,184300.0,6
512,A9,VIP,Bảo trì,219700.0,6
513,A10,VIP,Trống,177300.0,6
514,A11,VIP,Bảo trì,185800.0,6
515,B1,VIP,Trống,261900.0,6
516,B2,VIP,Trống,244300.0,6
517,B3,VIP,Trống,236400.0,6
518,B4,VIP,Trống,243400.0,6
519,B5,VIP,Trống,240100.0,6
520,B6,VIP,Trống,181500.0,6
521,B7,VIP,Trống,267800.0,6
522,B8,VIP,Trống,166000.0,6
523,B9,VIP,Trống,250900.0,6
524,B10,VIP,Trống,227800.0,6
525,B11,VIP,Trống,255300.0,6
526,C1,Thường,Trống,90200.0,6
527,C2,Thường,Đã đặt,85200.0,6
528,C3,Thường,Trống,93000.0,6
529,C4,Thường,Trống,110000.0,6
530,C5,Thường,Bảo trì,82600.0,6
531,C6,Thường,Trống,94800.0,6
532,C7,Thường,Trống,84500.0,6
533,C8,Thường,Trống,101100.0,6
534,C9,Thường,Trống,127300.0,6
535,C10,Thường,Trống,106900.0,6
536,C11,Thường,Đã đặt,130100.0,6
537,D1,Thường,Đã đặt,120800.0,6
538,D2,Thường,Trống,94200.0,6
539,D3,Thường,Trống,118400.0,6
540,D4,Thường,Trống,126200.0,6
541,D5,Thường,Trống,100000.0,6
542,D6,Thường,Bảo trì,100400.0,6
543,D7,Thường,Trống,121000.0,6
544,D8,Thường,Trống,116400.0,6
545,D9,Thường,Trống,101200.0,6
546,D10,Thường,Trống,102400.0,6
547,D11,Thường,Trống,82400.0,6
548,E1,Thường,Trống,118300.0,6
549,E2,Thường,Trống,111800.0,6
550,E3,Thường,Đã đặt,83000.0,6
551,E4,Thường,Trống,109600.0,6
552,E5,Thường,Trống,84800.0,6
553,E6,Thường,Trống,115100.0,6
554,E7,Thường,Trống,112700.0,6
555,E8,Thường,Trống,96000.0,6
556,E9,Thường,Trống,98400.0,6
557,E10,Thường,Trống,78100.0,6
558,E11,Thường,Trống,125100.0,6
559,F1,Thường,Trống,94900.0,6
560,F2,Thường,Trống,110800.0,6
561,F3,Thường,Trống,80700.0,6
562,F4,Thường,Trống,117500.0,6
563,F5,Thường,Trống,99800.0,6
564,F6,Thường,Trống,89200.0,6
565,F7,Thường,Trống,124100.0,6
566,F8,Thường,Trống,121500.0,6
567,F9,Thường,Trống,77600.0,6
568,F10,Thường,Trống,101100.0,6
569,F11,Thường,Trống,121700.0,6
570,G1,Thường,Bảo trì,131000.0,6
571,G2,Thường,Trống,88100.0,6
572,G3,Thường,Trống,84200.0,6
573,G4,Thường,Trống,128400.0,6
574,G5,Thường,Bảo trì,123700.0,6
575,G6,Thường,Bảo trì,93100.0,6
576,G7,Thường,Trống,107600.0,6
577,G8,Thường,Trống,95000.0,6
578,G9,Thường,Trống,108900.0,6
579,G10,Thường,Trống,88800.0,6
580,G11,Thường,Trống,80300.0,6
581,H1,Thường,Trống,100300.0,6
582,H2,Thường,Trống,119600.0,6
583,H3,Thường,Trống,81300.0,6
584,H4,Thường,Trống,121500.0,6
585,H5,Thường,Trống,124100.0,6
586,H6,Thường,Bảo trì,123500.0,6
587,H7,Thường,Trống,123300.0,6
588,H8,Thường,Trống,88700.0,6
589,H9,Thường,Trống,92500.0,6
590,H10,Thường,Trống,97300.0,6
591,H11,Thường,Trống,95800.0,6
592,I1,Thường,Trống,96300.0,6
593,I2,Thường,Trống,123700.0,6
594,I3,Thường,Bảo trì,87200.0,6
595,I4,Thường,Trống,121100.0,6
596,I5,Thường,Trống,128600.0,6
597,I6,Thường,Trống,108200.0,6
598,I7,Thường,Trống,96600.0,6
599,I8,Thường,Trống,84100.0,6
600,I9,Thường,Trống,103000.0,6
601,I10,Thường,Trống,120700.0,6
602,I11,Thường,Trống,91800.0,6
603,A1,VIP,Trống,291700.0,7
604,A2,VIP,Trống,312900.0,7
605,A3,VIP,Trống,256100.0,7
606,A4,VIP,Trống,369500.0,7
607,A5,VIP,Đã đặt,258800.0,7
608,A6,VIP,Trống,346800.0,7
609,A7,VIP,Trống,337600.0,7
610,A8,VIP,Trống,284300.0,7
611,A9,VIP,Trống,279400.0,7
612,A10,VIP,Trống,287200.0,7
613,A11,VIP,Trống,253900.0,7
614,A12,VIP,Trống,373200.0,7
615,A13,VIP,Trống,257400.0,7
616,A14,VIP,Trống,331200.0,7
617,A15,VIP,Trống,237200.0,7
618,B1,VIP,Trống,298000.0,7
619,B2,VIP,Trống,247100.0,7
620,B3,VIP,Trống,277400.0,7
621,B4,VIP,Trống,231100.0,7
622,B5,VIP,Trống,362400.0,7
623,B6,VIP,Trống,259700.0,7
624,B7,VIP,Bảo trì,229900.0,7
625,B8,VIP,Trống,260000.0,7
626,B9,VIP,Trống,311300.0,7
627,B10,VIP,Trống,249700.0,7
628,B11,VIP,Trống,234100.0,7
629,B12,VIP,Trống,362800.0,7
630,B13,VIP,Trống,340100.0,7
631,B14,VIP,Trống,272700.0,7
632,B15,VIP,Trống,336100.0,7
633,C1,Thường,Đã đặt,116200.0,7
634,C2,Thường,Bảo trì,150000.0,7
635,C3,Thường,Trống,108000.0,7
636,C4,Thường,Trống,143100.0,7
637,C5,Thường,Trống,130000.0,7
638,C6,Thường,Trống,120800.0,7
639,C7,Thường,Trống,139100.0,7
640,C8,Thường,Trống,151000.0,7
641,C9,Thường,Trống,111800.0,7
642,C10,Thường,Trống,110900.0,7
643,C11,Thường,Trống,106300.0,7
644,C12,Thường,Trống,136100.0,7
645,C13,Thường,Đã đặt,168700.0,7
646,C14,Thường,Trống,143500.0,7
647,C15,Thường,Trống,130200.0,7
648,D1,Thường,Trống,150300.0,7
649,D2,Thường,Trống,173400.0,7
650,D3,Thường,Trống,159600.0,7
651,D4,Thường,Trống,172000.0,7
652,D5,Thường,Trống,125900.0,7
653,D6,Thường,Đã đặt,163000.0,7
654,D7,Thường,Trống,135300.0,7
655,D8,Thường,Trống,111900.0,7
656,D9,Thường,Trống,115100.0,7
657,D10,Thường,Trống,108200.0,7
658,D11,Thường,Trống,150200.0,7
659,D12,Thường,Trống,134600.0,7
660,D13,Thường,Trống,122300.0,7
661,D14,Thường,Trống,127900.0,7
662,D15,Thường,Trống,136900.0,7
663,E1,Thường,Trống,143400.0,7
664,E2,Thường,Trống,134400.0,7
665,E3,Thường,Trống,174300.0,7
666,E4,Thường,Trống,136400.0,7
667,E5,Thường,Trống,106800.0,7
668,E6,Thường,Trống,174100.0,7
669,E7,Thường,Trống,136300.0,7
670,E8,Thường,Trống,133700.0,7
671,E9,Thường,Bảo trì,138600.0,7
672,E10,Thường,Đã đặt,116200.0,7
673,E11,Thường,Trống,165100.0,7
674,E12,Thường,Trống,176400.0,7
675,E13,Thường,Trống,140300.0,7
676,E14,Thường,Trống,166900.0,7
677,E15,Thường,Trống,139100.0,7
678,F1,Thường,Trống,120700.0,7
679,F2,Thường,Trống,153100.0,7
680,F3,Thường,Trống,138500.0,7
681,F4,Thường,Đã đặt,164700.0,7
682,F5,Thường,Trống,106200.0,7
683,F6,Thường,Trống,115600.0,7
684,F7,Thường,Trống,128200.0,7
685,F8,Thường,Trống,151900.0,7
686,F9,Thường,Trống,140400.0,7
687,F10,Thường,Trống,172100.0,7
688,F11,Thường,Trống,179500.0,7
689,F12,Thường,Trống,128800.0,7
690,F13,Thường,Trống,119600.0,7
691,F14,Thường,Trống,177400.0,7
692,F15,Thường,Trống,142300.0,7
693,G1,Thường,Trống,123000.0,7
694,G2,Thường,Trống,168700.0,7
695,G3,Thường,Trống,111700.0,7
696,G4,Thường,Trống,164000.0,7
697,G5,Thường,Trống,176300.0,7
698,G6,Thường,Trống,119100.0,7
699,G7,Thường,Đã đặt,136000.0,7
700,G8,Thường,Trống,116500.0,7
701,G9,Thường,Trống,106600.0,7
702,G10,Thường,Bảo trì,125800.0,7
703,G11,Thường,Trống,117500.0,7
704,G12,Thường,Trống,137700.0,7
705,G13,Thường,Trống,116900.0,7
706,G14,Thường,Trống,162200.0,7
707,G15,Thường,Trống,141200.0,7
708,H1,Thường,Trống,112600.0,7
709,H2,Thường,Trống,165200.0,7
710,H3,Thường,Trống,144700.0,7
711,H4,Thường,Trống,140700.0,7
712,H5,Thường,Trống,108300.0,7
713,H6,Thường,Trống,132100.0,7
714,H7,Thường,Trống,156200.0,7
715,H8,Thường,Đã đặt,154800.0,7
716,H9,Thường,Trống,137300.0,7
717,H10,Thường,Trống,120300.0,7
718,H11,Thường,Trống,178200.0,7
719,H12,Thường,Trống,136100.0,7
720,H13,Thường,Trống,172100.0,7
721,H14,Thường,Đã đặt,146600.0,7
722,H15,Thường,Trống,148900.0,7
723,I1,Thường,Bảo trì,113200.0,7
724,I2,Thường,Trống,146100.0,7
725,I3,Thường,Trống,140800.0,7
726,I4,Thường,Trống,157500.0,7
727,I5,Thường,Trống,139800.0,7
728,I6,Thường,Trống,129600.0,7
729,I7,Thường,Trống,133500.0,7
730,I8,Thường,Trống,178000.0,7
731,I9,Thường,Trống,159500.0,7
732,I10,Thường,Trống,108300.0,7
733,I11,Thường,Trống,155800.0,7
734,I12,Thường,Đã đặt,105900.0,7
735,I13,Thường,Trống,153500.0,7
736,I14,Thường,Trống,138600.0,7
737,I15,Thường,Trống,137600.0,7
738,A1,Thường,Trống,104200.0,8
739,A2,Thường,Trống,84500.0,8
740,A3,Thường,Trống,83800.0,8
741,A4,Thường,Trống,73000.0,8
742,A5,Thường,Trống,78200.0,8
743,A6,Thường,Trống,84500.0,8
744,A7,Thường,Trống,82900.0,8
745,A8,Thường,Trống,104700.0,8
746,A9,Thường,Trống,119800.0,8
747,A10,Thường,Trống,115200.0,8
748,A11,Thường,Trống,72300.0,8
749,A12,Thường,Trống,94400.0,8
750,A13,Thường,Trống,100500.0,8
751,A14,Thường,Trống,118600.0,8
752,A15,Thường,Trống,105600.0,8
753,B1,Thường,Trống,80200.0,8
754,B2,Thường,Trống,101700.0,8
755,B3,Thường,Trống,73700.0,8
756,B4,Thường,Trống,115100.0,8
757,B5,Thường,Trống,89900.0,8
758,B6,Thường,Trống,114600.0,8
759,B7,Thường,Trống,89300.0,8
760,B8,Thường,Trống,99800.0,8
761,B9,Thường,Trống,84200.0,8
762,B10,Thường,Trống,99900.0,8
763,B11,Thường,Trống,92200.0,8
764,B12,Thường,Trống,97200.0,8
765,B13,Thường,Trống,100300.0,8
766,B14,Thường,Trống,90700.0,8
767,B15,Thường,Trống,94700.0,8
768,C1,Thường,Trống,95800.0,8
769,C2,Thường,Trống,71500.0,8
770,C3,Thường,Trống,112000.0,8
771,C4,Thường,Trống,101700.0,8
772,C5,Thường,Trống,90200.0,8
773,C6,Thường,Trống,87400.0,8
774,C7,Thường,Trống,107400.0,8
775,C8,Thường,Trống,71300.0,8
776,C9,Thường,Trống,119600.0,8
777,C10,Thường,Trống,108400.0,8
778,C11,Thường,Trống,118300.0,8
779,C12,Thường,Đã đặt,118200.0,8
780,C13,Thường,Trống,79800.0,8
781,C14,Thường,Trống,102100.0,8
782,C15,Thường,Trống,103500.0,8
783,D1,Thường,Bảo trì,90400.0,8
784,D2,Thường,Trống,74200.0,8
785,D3,Thường,Trống,72700.0,8
786,D4,Thường,Trống,88300.0,8
787,D5,Thường,Trống,106200.0,8
788,D6,Thường,Trống,114600.0,8
789,D7,Thường,Trống,89900.0,8
790,D8,Thường,Trống,109900.0,8
791,D9,Thường,Bảo trì,80500.0,8
792,D10,Thường,Trống,106400.0,8
793,D11,Thường,Trống,96000.0,8
794,D12,Thường,Đã đặt,72200.0,8
795,D13,Thường,Bảo trì,103200.0,8
796,D14,Thường,Trống,85600.0,8
797,D15,Thường,Trống,104400.0,8
798,E1,Thường,Trống,82900.0,8
799,E2,Thường,Trống,73500.0,8
800,E3,Thường,Trống,114100.0,8
801,E4,Thường,Trống,98900.0,8
802,E5,Thường,Trống,71600.0,8
803,E6,Thường,Trống,90100.0,8
804,E7,Thường,Trống,81100.0,8
805,E8,Thường,Đã đặt,113800.0,8
806,E9,Thường,Trống,87600.0,8
807,E10,Thường,Trống,91700.0,8
808,E11,Thường,Trống,90900.0,8
809,E12,Thường,Đã đặt,80800.0,8
810,E13,Thường,Trống,74200.0,8
811,E14,Thường,Trống,114800.0,8
812,E15,Thường,Trống,74600.0,8
813,F1,Thường,Trống,101300.0,8
814,F2,Thường,Trống,118800.0,8
815,F3,Thường,Trống,99700.0,8
816,F4,Thường,Trống,84800.0,8
817,F5,Thường,Trống,79100.0,8
818,F6,Thường,Trống,109500.0,8
819,F7,Thường,Trống,90000.0,8
820,F8,Thường,Trống,119700.0,8
821,F9,Thường,Trống,94000.0,8
822,F10,Thường,Trống,98700.0,8
823,F11,Thường,Trống,114300.0,8
824,F12,Thường,Trống,98300.0,8
825,F13,Thường,Trống,112800.0,8
826,F14,Thường,Trống,77800.0,8
827,F15,Thường,Trống,93600.0,8
828,G1,Thường,Bảo trì,89200.0,8
829,G2,Thường,Trống,88600.0,8
830,G3,Thường,Trống,87700.0,8
831,G4,Thường,Trống,74600.0,8
832,G5,Thường,Trống,71700.0,8
833,G6,Thường,Trống,105400.0,8
834,G7,Thường,Trống,90100.0,8
835,G8,Thường,Trống,108100.0,8
836,G9,Thường,Trống,94700.0,8
837,G10,Thường,Trống,74300.0,8
838,G11,Thường,Trống,101400.0,8
839,G12,Thường,Trống,90200.0,8
840,G13,Thường,Trống,95200.0,8
841,G14,Thường,Trống,118800.0,8
842,G15,Thường,Trống,89400.0,8
843,H1,Thường,Trống,87700.0,8
844,H2,Thường,Trống,114700.0,8
845,H3,Thường,Trống,75400.0,8
846,H4,Thường,Trống,110500.0,8
847,H5,Thường,Trống,103500.0,8
848,H6,Thường,Trống,88300.0,8
849,H7,Thường,Trống,107800.0,8
850,H8,Thường,Trống,110600.0,8
851,H9,Thường,Trống,110300.0,8
852,H10,Thường,Đã đặt,74900.0,8
853,H11,Thường,Trống,96400.0,8
854,H12,Thường,Trống,106500.0,8
855,H13,Thường,Trống,93000.0,8
856,H14,Thường,Bảo trì,113700.0,8
857,H15,Thường,Trống,99900.0,8
858,A1,VIP,Trống,168600.0,9
859,A2,VIP,Trống,269900.0,9
860,A3,VIP,Trống,192300.0,9
861,A4,VIP,Trống,270100.0,9
862,A5,VIP,Trống,168500.0,9
863,A6,VIP,Trống,230800.0,9
864,A7,VIP,Trống,239100.0,9
865,A8,VIP,Trống,216000.0,9
866,A9,VIP,Trống,205500.0,9
867,A10,VIP,Trống,247400.0,9
868,A11,VIP,Bảo trì,176600.0,9
869,A12,VIP,Trống,226900.0,9
870,A13,VIP,Trống,213500.0,9
871,B1,VIP,Trống,234600.0,9
872,B2,VIP,Đã đặt,187800.0,9
873,B3,VIP,Bảo trì,175500.0,9
874,B4,VIP,Đã đặt,219200.0,9
875,B5,VIP,Trống,206400.0,9
876,B6,VIP,Trống,272500.0,9
877,B7,VIP,Trống,190200.0,9
878,B8,VIP,Trống,228200.0,9
879,B9,VIP,Trống,165600.0,9
880,B10,VIP,Trống,182800.0,9
881,B11,VIP,Trống,193900.0,9
882,B12,VIP,Bảo trì,264600.0,9
883,B13,VIP,Trống,183100.0,9
884,C1,Thường,Trống,127400.0,9
885,C2,Thường,Trống,105000.0,9
886,C3,Thường,Bảo trì,89600.0,9
887,C4,Thường,Trống,123000.0,9
888,C5,Thường,Trống,111900.0,9
889,C6,Thường,Trống,97700.0,9
890,C7,Thường,Trống,103300.0,9
891,C8,Thường,Trống,89000.0,9
892,C9,Thường,Trống,100700.0,9
893,C10,Thường,Trống,97900.0,9
894,C11,Thường,Trống,83100.0,9
895,C12,Thường,Trống,109000.0,9
896,C13,Thường,Trống,122000.0,9
897,D1,Thường,Trống,111200.0,9
898,D2,Thường,Trống,89300.0,9
899,D3,Thường,Trống,125500.0,9
900,D4,Thường,Trống,119000.0,9
901,D5,Thường,Bảo trì,95600.0,9
902,D6,Thường,Trống,83100.0,9
903,D7,Thường,Trống,111600.0,9
904,D8,Thường,Trống,117700.0,9
905,D9,Thường,Trống,118300.0,9
906,D10,Thường,Trống,88000.0,9
907,D11,Thường,Trống,103200.0,9
908,D12,Thường,Đã đặt,87800.0,9
909,D13,Thường,Trống,122700.0,9
910,E1,Thường,Trống,127200.0,9
911,E2,Thường,Đã đặt,123400.0,9
912,E3,Thường,Trống,111900.0,9
913,E4,Thường,Trống,116800.0,9
914,E5,Thường,Trống,106200.0,9
915,E6,Thường,Trống,117500.0,9
916,E7,Thường,Đã đặt,107700.0,9
917,E8,Thường,Đã đặt,106900.0,9
918,E9,Thường,Trống,116700.0,9
919,E10,Thường,Trống,93300.0,9
920,E11,Thường,Trống,79400.0,9
921,E12,Thường,Trống,105500.0,9
922,E13,Thường,Trống,77500.0,9
923,F1,Thường,Trống,98700.0,9
924,F2,Thường,Trống,110400.0,9
925,F3,Thường,Trống,78300.0,9
926,F4,Thường,Trống,106600.0,9
927,F5,Thường,Trống,120400.0,9
928,F6,Thường,Trống,131500.0,9
929,F7,Thường,Trống,95700.0,9
930,F8,Thường,Trống,92600.0,9
931,F9,Thường,Trống,79700.0,9
932,F10,Thường,Trống,132000.0,9
933,F11,Thường,Trống,84200.0,9
934,F12,Thường,Trống,114500.0,9
935,F13,Thường,Trống,102800.0,9
936,G1,Thường,Trống,129600.0,9
937,G2,Thường,Trống,82600.0,9
938,G3,Thường,Trống,97500.0,9
939,G4,Thường,Trống,99300.0,9
940,G5,Thường,Trống,100100.0,9
941,G6,Thường,Trống,94100.0,9
942,G7,Thường,Trống,89700.0,9
943,G8,Thường,Trống,104500.0,9
944,G9,Thường,Trống,120700.0,9
945,G10,Thường,Trống,88800.0,9
946,G11,Thường,Trống,119600.0,9
947,G12,Thường,Trống,105000.0,9
948,G13,Thường,Trống,103200.0,9
949,H1,Thường,Trống,101800.0,9
950,H2,Thường,Trống,124300.0,9
951,H3,Thường,Trống,128200.0,9
952,H4,Thường,Đã đặt,77400.0,9
953,H5,Thường,Trống,93500.0,9
954,H6,Thường,Đã đặt,106600.0,9
955,H7,Thường,Trống,106800.0,9
956,H8,Thường,Trống,108600.0,9
957,H9,Thường,Trống,105500.0,9
958,H10,Thường,Bảo trì,123500.0,9
959,H11,Thường,Trống,115500.0,9
960,H12,Thường,Trống,93300.0,9
961,H13,Thường,Bảo trì,123100.0,9
962,I1,Thường,Trống,121100.0,9
963,I2,Thường,Trống,81000.0,9
964,I3,Thường,Trống,115800.0,9
965,I4,Thường,Trống,96700.0,9
966,I5,Thường,Trống,106600.0,9
967,I6,Thường,Trống,101800.0,9
968,I7,Thường,Trống,79400.0,9
969,I8,Thường,Trống,86700.0,9
970,I9,Thường,Trống,84000.0,9
971,I10,Thường,Trống,91700.0,9
972,I11,Thường,Trống,82100.0,9
973,I12,Thường,Trống,131000.0,9
974,I13,Thường,Trống,89500.0,9
975,A1,Thường,Trống,77200.0,10
976,A2,Thường,Trống,99000.0,10
977,A3,Thường,Trống,75600.0,10
978,A4,Thường,Trống,112300.0,10
979,A5,Thường,Trống,77400.0,10
980,A6,Thường,Trống,103000.0,10
981,A7,Thường,Trống,113400.0,10
982,A8,Thường,Trống,102200.0,10
983,A9,Thường,Trống,89800.0,10
984,B1,Thường,Trống,114800.0,10
985,B2,Thường,Trống,120000.0,10
986,B3,Thường,Trống,71300.0,10
987,B4,Thường,Trống,92900.0,10
988,B5,Thường,Trống,80800.0,10
989,B6,Thường,Bảo trì,99100.0,10
990,B7,Thường,Đã đặt,78100.0,10
991,B8,Thường,Trống,83100.0,10
992,B9,Thường,Trống,81500.0,10
993,C1,Thường,Trống,106000.0,10
994,C2,Thường,Trống,96000.0,10
995,C3,Thường,Trống,83300.0,10
996,C4,Thường,Trống,76200.0,10
997,C5,Thường,Trống,73300.0,10
998,C6,Thường,Bảo trì,113300.0,10
999,C7,Thường,Trống,119800.0,10
1000,C8,Thường,Trống,107000.0,10
1001,C9,Thường,Bảo trì,99800.0,10
1002,D1,Thường,Trống,100500.0,10
1003,D2,Thường,Trống,83900.0,10
1004,D3,Thường,Bảo trì,85000.0,10
1005,D4,Thường,Trống,111700.0,10
1006,D5,Thường,Trống,103700.0,10
1007,D6,Thường,Trống,101300.0,10
1008,D7,Thường,Trống,102700.0,10
1009,D8,Thường,Trống,72400.0,10
1010,D9,Thường,Trống,81700.0,10
1011,E1,Thường,Trống,111400.0,10
1012,E2,Thường,Trống,73700.0,10
1013,E3,Thường,Trống,94700.0,10
1014,E4,Thường,Trống,99800.0,10
1015,E5,Thường,Đã đặt,90700.0,10
1016,E6,Thường,Trống,78700.0,10
1017,E7,Thường,Trống,113600.0,10
1018,E8,Thường,Trống,70300.0,10
1019,E9,Thường,Trống,111300.0,10
1020,F1,Thường,Đã đặt,110700.0,10
1021,F2,Thường,Trống,109400.0,10
1022,F3,Thường,Trống,81300.0,10
1023,F4,Thường,Trống,96400.0,10
1024,F5,Thường,Trống,105700.0,10
1025,F6,Thường,Trống,115700.0,10
1026,F7,Thường,Trống,106000.0,10
1027,F8,Thường,Trống,89900.0,10
1028,F9,Thường,Đã đặt,100200.0,10
1029,G1,Thường,Trống,96400.0,10
1030,G2,Thường,Đã đặt,110300.0,10
1031,G3,Thường,Đã đặt,97900.0,10
1032,G4,Thường,Trống,82200.0,10
1033,G5,Thường,Trống,86400.0,10
1034,G6,Thường,Trống,91000.0,10
1035,G7,Thường,Bảo trì,117900.0,10
1036,G8,Thường,Trống,72700.0,10
1037,G9,Thường,Trống,110100.0,10
1038,H1,Thường,Trống,96400.0,10
1039,H2,Thường,Trống,96700.0,10
1040,H3,Thường,Trống,90800.0,10
1041,H4,Thường,Trống,95300.0,10
1042,H5,Thường,Trống,79300.0,10
1043,H6,Thường,Trống,116400.0,10
1044,H7,Thường,Trống,98000.0,10
1045,H8,Thường,Trống,117600.0,10
1046,H9,Thường,Trống,106000.0,10
1047,A1,VIP,Trống,323700.0,11
1048,A2,VIP,Trống,245200.0,11
1049,A3,VIP,Trống,267800.0,11
1050,A4,VIP,Trống,370400.0,11
1051,A5,VIP,Trống,236000.0,11
1052,A6,VIP,Trống,287700.0,11
1053,A7,VIP,Trống,327100.0,11
1054,A8,VIP,Trống,317200.0,11
1055,A9,VIP,Trống,365100.0,11
1056,B1,VIP,Trống,366400.0,11
1057,B2,VIP,Trống,283500.0,11
1058,B3,VIP,Trống,360600.0,11
1059,B4,VIP,Trống,253500.0,11
1060,B5,VIP,Trống,253700.0,11
1061,B6,VIP,Trống,265300.0,11
1062,B7,VIP,Trống,230100.0,11
1063,B8,VIP,Trống,315400.0,11
1064,B9,VIP,Trống,374000.0,11
1065,C1,Thường,Trống,144800.0,11
1066,C2,Thường,Trống,153800.0,11
1067,C3,Thường,Trống,179100.0,11
1068,C4,Thường,Trống,171200.0,11
1069,C5,Thường,Trống,150700.0,11
1070,C6,Thường,Trống,158400.0,11
1071,C7,Thường,Trống,130300.0,11
1072,C8,Thường,Trống,161400.0,11
1073,C9,Thường,Trống,138000.0,11
1074,D1,Thường,Trống,168500.0,11
1075,D2,Thường,Trống,157500.0,11
1076,D3,Thường,Trống,106400.0,11
1077,D4,Thường,Trống,173900.0,11
1078,D5,Thường,Trống,121900.0,11
1079,D6,Thường,Trống,148900.0,11
1080,D7,Thường,Trống,117900.0,11
1081,D8,Thường,Bảo trì,140400.0,11
1082,D9,Thường,Trống,149800.0,11
1083,E1,Thường,Trống,141000.0,11
1084,E2,Thường,Trống,125600.0,11
1085,E3,Thường,Trống,175900.0,11
1086,E4,Thường,Trống,158700.0,11
1087,E5,Thường,Trống,173800.0,11
1088,E6,Thường,Trống,162500.0,11
1089,E7,Thường,Trống,110100.0,11
1090,E8,Thường,Trống,120500.0,11
1091,E9,Thường,Bảo trì,148300.0,11
1092,F1,Thường,Trống,110700.0,11
1093,F2,Thường,Trống,159400.0,11
1094,F3,Thường,Trống,132700.0,11
1095,F4,Thường,Trống,108500.0,11
1096,F5,Thường,Đã đặt,178000.0,11
1097,F6,Thường,Trống,164100.0,11
1098,F7,Thường,Trống,156700.0,11
1099,F8,Thường,Đã đặt,174400.0,11
1100,F9,Thường,Trống,127100.0,11
